Title , Video_ID , MP4_Link
Snow Slowly Falling Down.mp4 , vi6o0ibA0F37uxFVBiUi0Ieo , https://cdn.api.video/vod/vi6o0ibA0F37uxFVBiUi0Ieo/mp4/1080/source.mp4
Aerial Shot Of Forest Covered In Snow.mp4 , vi4ka9tLRLHj7H6SaYPld7a1 , https://cdn.api.video/vod/vi4ka9tLRLHj7H6SaYPld7a1/mp4/1080/source.mp4
Pexels Videos 1711831.mp4 , viZxSTFgXZVjFnFCUo363Ie , https://cdn.api.video/vod/viZxSTFgXZVjFnFCUo363Ie/mp4/1080/source.mp4
pexels-rodnae-productions-6193474.mp4 , vi61tikT4GAAB29KehMKyqX3 , https://cdn.api.video/vod/vi61tikT4GAAB29KehMKyqX3/mp4/1080/source.mp4
pexels-cottonbro-6054232.mp4 , viVC3JSFOaiihtWhPWI7WLt , https://cdn.api.video/vod/viVC3JSFOaiihtWhPWI7WLt/mp4/1080/source.mp4
Pexels Videos 2437257.mp4, vi3wxgBzOBGBnaPyyjkaqoLF, https://cdn.api.video/vod/vi3wxgBzOBGBnaPyyjkaqoLF/mp4/1080/source.mp4
pexels-george-morina-6187500.mp4, vi5oMTfVnrnNCGUPUKlv4irD, https://cdn.api.video/vod/vi5oMTfVnrnNCGUPUKlv4irD/mp4/720/source.mp4
pexels-rodnae-productions-6225471.mp4, vi5buWfDTlmNuTIxHZmABtFg, https://cdn.api.video/vod/vi5buWfDTlmNuTIxHZmABtFg/mp4/1080/source.mp4
pexels-maksim-goncharenok-9871025.mp4, vi4ho3nCZKRunEec1kLMK8nT, https://cdn.api.video/vod/vi4ho3nCZKRunEec1kLMK8nT/mp4/1080/source.mp4
pexels-rodnae-productions-6193418.mp4, vi78WvbFwEKUuuTEVuQ7DMhF, https://cdn.api.video/vod/vi78WvbFwEKUuuTEVuQ7DMhF/mp4/1080/source.mp4
pexels-rodnae-productions-6193404.mp4, vi1oGtI3GotvYjWyTZU5e1BT, https://cdn.api.video/vod/vi1oGtI3GotvYjWyTZU5e1BT/mp4/1080/source.mp4
